epoch,Training Loss,Valid. Loss,Valid. Accur.,Training Time,Validation Time
1,0.2675370360177356,0.08111774318817926,0.9751932989690721,0:00:21,0:00:05
2,0.10188649389196724,0.03282511330716139,0.9896907216494846,0:00:21,0:00:05
3,0.04448464177590891,0.012409064438243243,0.9964561855670103,0:00:21,0:00:05
4,0.014680116219996936,0.008080807286308665,0.9977448453608248,0:00:21,0:00:05
